CREATE TABLE IF NOT EXISTS "app1_employee" ("id" integer NOT NULL PRIMARY KEY AUTOINCREMENT, "full_name" varchar(100) NOT NULL, "role" varchar(200) NOT NULL, "Project_name" varchar(200) NOT NULL, "email" varchar(255) NOT NULL, "address" varchar(300) NOT NULL, "creation_date" datetime NOT NULL, "casual_leave_entitlement" integer NOT NULL);
INSERT INTO "app1_employee" VALUES(1,'Naveen Bellamkonda','Software Developer','Eenadu','naveen@gmail.com','Hyderabad','2023-10-18 07:25:28.314211',10);
INSERT INTO "app1_employee" VALUES(2,'priyanka','Software Developer','Eenadu','sompallipriyanka2001@gmail.com','tirupathi','2023-10-18 07:50:17.545471',10);
INSERT INTO "app1_employee" VALUES(3,'Nivetha','Software Developer','Eenadu','nivetha@gmail.com','chennai','2023-10-18 08:59:07.104546',10);
INSERT INTO "app1_employee" VALUES(4,'Anil Bellamkonda','Software Developer','Leave Management System','anilbellamkonda8@gmail.com','Hyderabad','2023-10-19 09:01:23.880274',24);
INSERT INTO "app1_employee" VALUES(5,'Meghana Ramesh','Software Developer','Leave Management System','meghanaramesh966@gmail.com','banglore','2023-10-25 07:56:33.995462',10);
INSERT INTO "app1_employee" VALUES(6,'Bhagya Sree','Software Developer','Leave Management System','bhagyasreegandikota5@gmail.com','chitoor','2023-10-25 08:54:47.509467',10);
INSERT INTO "app1_employee" VALUES(7,'Sompalli Priyanka','Software Developer','Leave Management System','sompallipriyanka22@gmail.com','tirupathi','2023-10-27 12:10:43.035372',10);
INSERT INTO "app1_employee" VALUES(8,'Anil Goud','Software Developer','Leave Management System','anilbellamkonda7217@yahoo.com','Hyderabad','2023-10-29 12:18:12.645248',10);
INSERT INTO "app1_employee" VALUES(10,'Anil Goud','Software Developer','Leave Management System','anil@gmail.com','hyderabad','2023-10-29 12:57:52.720070',10);
INSERT INTO "app1_employee" VALUES(11,'Vinay','Software Developer','Leave Management System','vinaysm727@gmail.com','banglore','2023-11-05 09:02:05.868168',10);
INSERT INTO "app1_employee" VALUES(12,'Shanu','Software Developer','Leave Management System','Shanmukhapriya1912@gmail.com','Rajmundry','2023-11-07 05:12:38.062176',10);
CREATE UNIQUE INDEX "django_content_type_app_label_model_76bd3d3b_uniq" ON "django_content_type" ("app_label", "model");
CREATE UNIQUE INDEX "auth_group_permissions_group_id_permission_id_0cd325b0_uniq" ON "auth_group_permissions" ("group_id", "permission_id");
CREATE INDEX IF NOT EXISTS "auth_group_permissions_group_id_b120cbf9" ON "auth_group_permissions" ("group_id");
CREATE INDEX IF NOT EXISTS "auth_group_permissions_permission_id_84c5c92e" ON "auth_group_permissions" ("permission_id");
CREATE UNIQUE INDEX "auth_permission_content_type_id_codename_01ab375a_uniq" ON "auth_permission" ("content_type_id", "codename");
CREATE INDEX IF NOT EXISTS "auth_permission_content_type_id_2f476e4b" ON "auth_permission" ("content_type_id");
CREATE UNIQUE INDEX "custom_user_user_groups_user_id_group_id_fc2104d2_uniq" ON "custom_user_user_groups" ("user_id", "group_id");
CREATE INDEX IF NOT EXISTS "custom_user_user_groups_user_id_f1071bc9" ON "custom_user_user_groups" ("user_id");
CREATE INDEX IF NOT EXISTS "custom_user_user_groups_group_id_dfde52bf" ON "custom_user_user_groups" ("group_id");
CREATE UNIQUE INDEX "custom_user_user_user_permissions_user_id_permission_id_2215a086_uniq" ON "custom_user_user_user_permissions" ("user_id", "permission_id");
CREATE INDEX IF NOT EXISTS "custom_user_user_user_permissions_user_id_65556ab9" ON "custom_user_user_user_permissions" ("user_id");
CREATE INDEX IF NOT EXISTS "custom_user_user_user_permissions_permission_id_cb2d2b0f" ON "custom_user_user_user_permissions" ("permission_id");
CREATE INDEX IF NOT EXISTS "django_session_expire_date_a5c62663" ON "django_session" ("expire_date");
CREATE INDEX IF NOT EXISTS "django_admin_log_content_type_id_c4bce8eb" ON "django_admin_log" ("content_type_id");
CREATE INDEX IF NOT EXISTS "django_admin_log_user_id_c564eba6" ON "django_admin_log" ("user_id");
CREATE INDEX IF NOT EXISTS "app1_leave_request_employee_id_3905a0b8" ON "app1_leave_request" ("employee_id");
CREATE TABLE IF NOT EXISTS "app1_leave_request" ("id" integer NOT NULL PRIMARY KEY AUTOINCREMENT, "leave_type" varchar(255) NOT NULL, "reason" text NOT NULL, "status" varchar(255) NOT NULL, "created_at" datetime NOT NULL, "updated_at" datetime NOT NULL, "employee_id" bigint NOT NULL REFERENCES "app1_employee" ("id") DEFERRABLE INITIALLY DEFERRED, "full_name" varchar(100) NOT NULL, "file" varchar(100) NOT NULL, "end_date" date NOT NULL, "start_date" date NOT NULL, "duration" integer NULL, "remarks" text NULL);
INSERT INTO "app1_leave_request" VALUES(174,'Casual Leave','function','Approved','2023-11-07 05:06:19.211948','2023-11-07 05:07:01.195651',1,'Naveen Bellamkonda','','2023-11-09','2023-11-08',NULL,'Approved leave enjoy the day');
INSERT INTO "app1_leave_request" VALUES(175,'Casual Leave','function','Approved','2023-11-07 05:14:24.772628','2023-11-07 05:15:22.352187',12,'Shanu','','2023-11-09','2023-11-08',NULL,'Take a leave enjoy the be cool');
INSERT INTO "app1_leave_request" VALUES(176,'Casual Leave','function','Rejected','2023-11-07 05:55:58.267304','2023-11-07 05:57:08.602106',2,'Priyanka','','2023-11-09','2023-11-07',NULL,'madvhdbuh');
INSERT INTO "app1_leave_request" VALUES(177,'Casual Leave','function','Approved','2023-11-07 06:55:04.594179','2023-11-07 06:55:51.866236',2,'Priyanka','','2023-11-08','2023-11-07',NULL,'Take a leave');
CREATE UNIQUE INDEX "django_content_type_app_label_model_76bd3d3b_uniq" ON "django_content_type" ("app_label", "model");
CREATE UNIQUE INDEX "auth_group_permissions_group_id_permission_id_0cd325b0_uniq" ON "auth_group_permissions" ("group_id", "permission_id");
CREATE INDEX IF NOT EXISTS "auth_group_permissions_group_id_b120cbf9" ON "auth_group_permissions" ("group_id");
CREATE INDEX IF NOT EXISTS "auth_group_permissions_permission_id_84c5c92e" ON "auth_group_permissions" ("permission_id");
CREATE UNIQUE INDEX "auth_permission_content_type_id_codename_01ab375a_uniq" ON "auth_permission" ("content_type_id", "codename");
CREATE INDEX IF NOT EXISTS "auth_permission_content_type_id_2f476e4b" ON "auth_permission" ("content_type_id");
CREATE UNIQUE INDEX "custom_user_user_groups_user_id_group_id_fc2104d2_uniq" ON "custom_user_user_groups" ("user_id", "group_id");
CREATE INDEX IF NOT EXISTS "custom_user_user_groups_user_id_f1071bc9" ON "custom_user_user_groups" ("user_id");
CREATE INDEX IF NOT EXISTS "custom_user_user_groups_group_id_dfde52bf" ON "custom_user_user_groups" ("group_id");
CREATE UNIQUE INDEX "custom_user_user_user_permissions_user_id_permission_id_2215a086_uniq" ON "custom_user_user_user_permissions" ("user_id", "permission_id");
CREATE INDEX IF NOT EXISTS "custom_user_user_user_permissions_user_id_65556ab9" ON "custom_user_user_user_permissions" ("user_id");
CREATE INDEX IF NOT EXISTS "custom_user_user_user_permissions_permission_id_cb2d2b0f" ON "custom_user_user_user_permissions" ("permission_id");
CREATE INDEX IF NOT EXISTS "django_session_expire_date_a5c62663" ON "django_session" ("expire_date");
CREATE INDEX IF NOT EXISTS "django_admin_log_content_type_id_c4bce8eb" ON "django_admin_log" ("content_type_id");
CREATE INDEX IF NOT EXISTS "django_admin_log_user_id_c564eba6" ON "django_admin_log" ("user_id");
CREATE INDEX IF NOT EXISTS "app1_leave_request_employee_id_3905a0b8" ON "app1_leave_request" ("employee_id");
CREATE TABLE IF NOT EXISTS "auth_group" ("id" integer NOT NULL PRIMARY KEY AUTOINCREMENT, "name" varchar(150) NOT NULL UNIQUE);
CREATE UNIQUE INDEX "django_content_type_app_label_model_76bd3d3b_uniq" ON "django_content_type" ("app_label", "model");
CREATE UNIQUE INDEX "auth_group_permissions_group_id_permission_id_0cd325b0_uniq" ON "auth_group_permissions" ("group_id", "permission_id");
CREATE INDEX IF NOT EXISTS "auth_group_permissions_group_id_b120cbf9" ON "auth_group_permissions" ("group_id");
CREATE INDEX IF NOT EXISTS "auth_group_permissions_permission_id_84c5c92e" ON "auth_group_permissions" ("permission_id");
CREATE UNIQUE INDEX "auth_permission_content_type_id_codename_01ab375a_uniq" ON "auth_permission" ("content_type_id", "codename");
CREATE INDEX IF NOT EXISTS "auth_permission_content_type_id_2f476e4b" ON "auth_permission" ("content_type_id");
CREATE UNIQUE INDEX "custom_user_user_groups_user_id_group_id_fc2104d2_uniq" ON "custom_user_user_groups" ("user_id", "group_id");
CREATE INDEX IF NOT EXISTS "custom_user_user_groups_user_id_f1071bc9" ON "custom_user_user_groups" ("user_id");
CREATE INDEX IF NOT EXISTS "custom_user_user_groups_group_id_dfde52bf" ON "custom_user_user_groups" ("group_id");
CREATE UNIQUE INDEX "custom_user_user_user_permissions_user_id_permission_id_2215a086_uniq" ON "custom_user_user_user_permissions" ("user_id", "permission_id");
CREATE INDEX IF NOT EXISTS "custom_user_user_user_permissions_user_id_65556ab9" ON "custom_user_user_user_permissions" ("user_id");
CREATE INDEX IF NOT EXISTS "custom_user_user_user_permissions_permission_id_cb2d2b0f" ON "custom_user_user_user_permissions" ("permission_id");
CREATE INDEX IF NOT EXISTS "django_session_expire_date_a5c62663" ON "django_session" ("expire_date");
CREATE INDEX IF NOT EXISTS "django_admin_log_content_type_id_c4bce8eb" ON "django_admin_log" ("content_type_id");
CREATE INDEX IF NOT EXISTS "django_admin_log_user_id_c564eba6" ON "django_admin_log" ("user_id");
CREATE INDEX IF NOT EXISTS "app1_leave_request_employee_id_3905a0b8" ON "app1_leave_request" ("employee_id");
CREATE TABLE IF NOT EXISTS "auth_group_permissions" ("id" integer NOT NULL PRIMARY KEY AUTOINCREMENT, "group_id" integer NOT NULL REFERENCES "auth_group" ("id") DEFERRABLE INITIALLY DEFERRED, "permission_id" integer NOT NULL REFERENCES "auth_permission" ("id") DEFERRABLE INITIALLY DEFERRED);
CREATE UNIQUE INDEX "django_content_type_app_label_model_76bd3d3b_uniq" ON "django_content_type" ("app_label", "model");
CREATE UNIQUE INDEX "auth_group_permissions_group_id_permission_id_0cd325b0_uniq" ON "auth_group_permissions" ("group_id", "permission_id");
CREATE INDEX IF NOT EXISTS "auth_group_permissions_group_id_b120cbf9" ON "auth_group_permissions" ("group_id");
CREATE INDEX IF NOT EXISTS "auth_group_permissions_permission_id_84c5c92e" ON "auth_group_permissions" ("permission_id");
CREATE UNIQUE INDEX "auth_permission_content_type_id_codename_01ab375a_uniq" ON "auth_permission" ("content_type_id", "codename");
CREATE INDEX IF NOT EXISTS "auth_permission_content_type_id_2f476e4b" ON "auth_permission" ("content_type_id");
CREATE UNIQUE INDEX "custom_user_user_groups_user_id_group_id_fc2104d2_uniq" ON "custom_user_user_groups" ("user_id", "group_id");
CREATE INDEX IF NOT EXISTS "custom_user_user_groups_user_id_f1071bc9" ON "custom_user_user_groups" ("user_id");
CREATE INDEX IF NOT EXISTS "custom_user_user_groups_group_id_dfde52bf" ON "custom_user_user_groups" ("group_id");
CREATE UNIQUE INDEX "custom_user_user_user_permissions_user_id_permission_id_2215a086_uniq" ON "custom_user_user_user_permissions" ("user_id", "permission_id");
CREATE INDEX IF NOT EXISTS "custom_user_user_user_permissions_user_id_65556ab9" ON "custom_user_user_user_permissions" ("user_id");
CREATE INDEX IF NOT EXISTS "custom_user_user_user_permissions_permission_id_cb2d2b0f" ON "custom_user_user_user_permissions" ("permission_id");
CREATE INDEX IF NOT EXISTS "django_session_expire_date_a5c62663" ON "django_session" ("expire_date");
CREATE INDEX IF NOT EXISTS "django_admin_log_content_type_id_c4bce8eb" ON "django_admin_log" ("content_type_id");
CREATE INDEX IF NOT EXISTS "django_admin_log_user_id_c564eba6" ON "django_admin_log" ("user_id");
CREATE INDEX IF NOT EXISTS "app1_leave_request_employee_id_3905a0b8" ON "app1_leave_request" ("employee_id");
CREATE TABLE IF NOT EXISTS "auth_permission" ("id" integer NOT NULL PRIMARY KEY AUTOINCREMENT, "content_type_id" integer NOT NULL REFERENCES "django_content_type" ("id") DEFERRABLE INITIALLY DEFERRED, "codename" varchar(100) NOT NULL, "name" varchar(255) NOT NULL);
INSERT INTO "auth_permission" VALUES(1,1,'add_permission','Can add permission');
INSERT INTO "auth_permission" VALUES(2,1,'change_permission','Can change permission');
INSERT INTO "auth_permission" VALUES(3,1,'delete_permission','Can delete permission');
INSERT INTO "auth_permission" VALUES(4,1,'view_permission','Can view permission');
INSERT INTO "auth_permission" VALUES(5,2,'add_group','Can add group');
INSERT INTO "auth_permission" VALUES(6,2,'change_group','Can change group');
INSERT INTO "auth_permission" VALUES(7,2,'delete_group','Can delete group');
INSERT INTO "auth_permission" VALUES(8,2,'view_group','Can view group');
INSERT INTO "auth_permission" VALUES(9,3,'add_contenttype','Can add content type');
INSERT INTO "auth_permission" VALUES(10,3,'change_contenttype','Can change content type');
INSERT INTO "auth_permission" VALUES(11,3,'delete_contenttype','Can delete content type');
INSERT INTO "auth_permission" VALUES(12,3,'view_contenttype','Can view content type');
INSERT INTO "auth_permission" VALUES(13,4,'add_session','Can add session');
INSERT INTO "auth_permission" VALUES(14,4,'change_session','Can change session');
INSERT INTO "auth_permission" VALUES(15,4,'delete_session','Can delete session');
INSERT INTO "auth_permission" VALUES(16,4,'view_session','Can view session');
INSERT INTO "auth_permission" VALUES(17,5,'add_user','Can add user');
INSERT INTO "auth_permission" VALUES(18,5,'change_user','Can change user');
INSERT INTO "auth_permission" VALUES(19,5,'delete_user','Can delete user');
INSERT INTO "auth_permission" VALUES(20,5,'view_user','Can view user');
INSERT INTO "auth_permission" VALUES(21,6,'add_logentry','Can add log entry');
INSERT INTO "auth_permission" VALUES(22,6,'change_logentry','Can change log entry');
INSERT INTO "auth_permission" VALUES(23,6,'delete_logentry','Can delete log entry');
INSERT INTO "auth_permission" VALUES(24,6,'view_logentry','Can view log entry');
INSERT INTO "auth_permission" VALUES(25,7,'add_leave_request','Can add leave_ request');
INSERT INTO "auth_permission" VALUES(26,7,'change_leave_request','Can change leave_ request');
INSERT INTO "auth_permission" VALUES(27,7,'delete_leave_request','Can delete leave_ request');
INSERT INTO "auth_permission" VALUES(28,7,'view_leave_request','Can view leave_ request');
INSERT INTO "auth_permission" VALUES(29,8,'add_employee','Can add employee');
INSERT INTO "auth_permission" VALUES(30,8,'change_employee','Can change employee');
INSERT INTO "auth_permission" VALUES(31,8,'delete_employee','Can delete employee');
INSERT INTO "auth_permission" VALUES(32,8,'view_employee','Can view employee');
CREATE UNIQUE INDEX "django_content_type_app_label_model_76bd3d3b_uniq" ON "django_content_type" ("app_label", "model");
CREATE UNIQUE INDEX "auth_group_permissions_group_id_permission_id_0cd325b0_uniq" ON "auth_group_permissions" ("group_id", "permission_id");
CREATE INDEX IF NOT EXISTS "auth_group_permissions_group_id_b120cbf9" ON "auth_group_permissions" ("group_id");
CREATE INDEX IF NOT EXISTS "auth_group_permissions_permission_id_84c5c92e" ON "auth_group_permissions" ("permission_id");
CREATE UNIQUE INDEX "auth_permission_content_type_id_codename_01ab375a_uniq" ON "auth_permission" ("content_type_id", "codename");
CREATE INDEX IF NOT EXISTS "auth_permission_content_type_id_2f476e4b" ON "auth_permission" ("content_type_id");
CREATE UNIQUE INDEX "custom_user_user_groups_user_id_group_id_fc2104d2_uniq" ON "custom_user_user_groups" ("user_id", "group_id");
CREATE INDEX IF NOT EXISTS "custom_user_user_groups_user_id_f1071bc9" ON "custom_user_user_groups" ("user_id");
CREATE INDEX IF NOT EXISTS "custom_user_user_groups_group_id_dfde52bf" ON "custom_user_user_groups" ("group_id");
CREATE UNIQUE INDEX "custom_user_user_user_permissions_user_id_permission_id_2215a086_uniq" ON "custom_user_user_user_permissions" ("user_id", "permission_id");
CREATE INDEX IF NOT EXISTS "custom_user_user_user_permissions_user_id_65556ab9" ON "custom_user_user_user_permissions" ("user_id");
CREATE INDEX IF NOT EXISTS "custom_user_user_user_permissions_permission_id_cb2d2b0f" ON "custom_user_user_user_permissions" ("permission_id");
CREATE INDEX IF NOT EXISTS "django_session_expire_date_a5c62663" ON "django_session" ("expire_date");
CREATE INDEX IF NOT EXISTS "django_admin_log_content_type_id_c4bce8eb" ON "django_admin_log" ("content_type_id");
CREATE INDEX IF NOT EXISTS "django_admin_log_user_id_c564eba6" ON "django_admin_log" ("user_id");
CREATE INDEX IF NOT EXISTS "app1_leave_request_employee_id_3905a0b8" ON "app1_leave_request" ("employee_id");
CREATE TABLE IF NOT EXISTS "custom_user_user" ("id" integer NOT NULL PRIMARY KEY AUTOINCREMENT, "password" varchar(128) NOT NULL, "last_login" datetime NULL, "is_superuser" bool NOT NULL, "first_name" varchar(150) NOT NULL, "last_name" varchar(150) NOT NULL, "is_staff" bool NOT NULL, "is_active" bool NOT NULL, "date_joined" datetime NOT NULL, "email" varchar(254) NOT NULL UNIQUE);
INSERT INTO "custom_user_user" VALUES(1,'pbkdf2_sha256$600000$KNTIX8KbzmlDxA46TzbJf6$lp6nY/IddlXUBlUh/RMKuP9ANWRGwBOUTTU05HRA2kA=','2023-11-07 06:41:42.457551',1,'','',1,1,'2023-10-17 09:29:47.904388','anilbellamkonda8@gmail.com');
INSERT INTO "custom_user_user" VALUES(2,'pbkdf2_sha256$600000$1hAoHV40LmkCpejkYVTyRF$zJ0Wq/+t8qqNzlsNIhmBJv+8IzsWGsWfIvQA7tG4TGw=','2023-11-07 06:56:33.865415',0,'','',0,1,'2023-10-17 10:11:43.240269','sompallipriyanka2001@gmail.com');
INSERT INTO "custom_user_user" VALUES(3,'pbkdf2_sha256$600000$PhBHEPZUGXISkOMWRfyt8f$olrEZujDVDxuZJ5+W9GYkPer98LS31CCPzbqJa5N1ww=','2023-11-07 04:36:56.759822',0,'','',0,1,'2023-10-18 07:26:48.052726','naveen@gmail.com');
INSERT INTO "custom_user_user" VALUES(4,'pbkdf2_sha256$600000$v7EH53cOTL8DXUgKmHXLQE$XMuqRMfKFz9DyZ+xROaSoUD2VfU+rfNBQWOpGsFH/9M=','2023-10-19 12:00:54.749978',0,'','',0,1,'2023-10-18 08:58:30.597999','nivetha@gmail.com');
INSERT INTO "custom_user_user" VALUES(5,'pbkdf2_sha256$600000$uXdUZCAx6xrj11i6likXCk$LFWK04ZVRj94faYMXAgOnqMjYPg/x+jVpKVzy3RBC9I=',NULL,0,'','',0,1,'2023-10-20 11:46:31.486819','hsadhu750@gmail.com');
INSERT INTO "custom_user_user" VALUES(6,'pbkdf2_sha256$600000$fggv4xJ2OaJ96aQsA2ZHKX$T4tRNRWF2CnC2xrjFFS0MPj7JB1cwI+ZP3ybi6q9pMs=','2023-11-03 12:50:02.635302',0,'','',0,1,'2023-10-25 07:56:04.025814','meghanaramesh966@gmail.com');
INSERT INTO "custom_user_user" VALUES(7,'pbkdf2_sha256$600000$qaO9BVx0EhQ0I3Yh8qRMd3$KzSr+u765vjwewQXhBjRxFDbjcY+oAyJ0hFBBxY89nA=','2023-10-25 08:55:31.332694',0,'','',0,1,'2023-10-25 08:53:52.885847','bhagyasreegandikota5@gmail.com');
INSERT INTO "custom_user_user" VALUES(8,'pbkdf2_sha256$600000$p0AbbFNDLAY5JDYOnklqXF$HKEfX7IawQTu45AGdcGJhEbOH1QXncsPILcx+ZuDxGU=','2023-10-30 05:18:40.570829',1,'','',0,1,'2023-10-27 12:08:56','sompallipriyanka22@gmail.com');
INSERT INTO "custom_user_user" VALUES(10,'pbkdf2_sha256$600000$Rz9w1WD8Bu0dW3gHasZyon$QFcW31ZnLtE3nD0CRz2Dh/DmdG1njImHc4HnHa8U8ic=','2023-10-29 12:58:17.139345',0,'','',0,1,'2023-10-29 12:57:12.355511','anil@gmail.com');
INSERT INTO "custom_user_user" VALUES(11,'pbkdf2_sha256$600000$VB2vgrswjJTEVzD2GWrABz$fValo7fTqYyywCkWAM4OMFxdtZoEn4NCxewe0+q7T30=','2023-11-05 09:22:34.925942',0,'','',0,1,'2023-11-05 09:01:34','vinaysm727@gmail.com');
INSERT INTO "custom_user_user" VALUES(12,'pbkdf2_sha256$600000$PwgikBILMalw5cqbTDvoYZ$qDGRH52+n40R+f5+PyBTAvpgQA/kI8sFImcR9r7ueK4=','2023-11-07 05:13:56.929428',0,'','',0,1,'2023-11-07 05:11:42.073165','Shanmukhapriya1912@gmail.com');
CREATE UNIQUE INDEX "django_content_type_app_label_model_76bd3d3b_uniq" ON "django_content_type" ("app_label", "model");
CREATE UNIQUE INDEX "auth_group_permissions_group_id_permission_id_0cd325b0_uniq" ON "auth_group_permissions" ("group_id", "permission_id");
CREATE INDEX IF NOT EXISTS "auth_group_permissions_group_id_b120cbf9" ON "auth_group_permissions" ("group_id");
CREATE INDEX IF NOT EXISTS "auth_group_permissions_permission_id_84c5c92e" ON "auth_group_permissions" ("permission_id");
CREATE UNIQUE INDEX "auth_permission_content_type_id_codename_01ab375a_uniq" ON "auth_permission" ("content_type_id", "codename");
CREATE INDEX IF NOT EXISTS "auth_permission_content_type_id_2f476e4b" ON "auth_permission" ("content_type_id");
CREATE UNIQUE INDEX "custom_user_user_groups_user_id_group_id_fc2104d2_uniq" ON "custom_user_user_groups" ("user_id", "group_id");
CREATE INDEX IF NOT EXISTS "custom_user_user_groups_user_id_f1071bc9" ON "custom_user_user_groups" ("user_id");
CREATE INDEX IF NOT EXISTS "custom_user_user_groups_group_id_dfde52bf" ON "custom_user_user_groups" ("group_id");
CREATE UNIQUE INDEX "custom_user_user_user_permissions_user_id_permission_id_2215a086_uniq" ON "custom_user_user_user_permissions" ("user_id", "permission_id");
CREATE INDEX IF NOT EXISTS "custom_user_user_user_permissions_user_id_65556ab9" ON "custom_user_user_user_permissions" ("user_id");
CREATE INDEX IF NOT EXISTS "custom_user_user_user_permissions_permission_id_cb2d2b0f" ON "custom_user_user_user_permissions" ("permission_id");
CREATE INDEX IF NOT EXISTS "django_session_expire_date_a5c62663" ON "django_session" ("expire_date");
CREATE INDEX IF NOT EXISTS "django_admin_log_content_type_id_c4bce8eb" ON "django_admin_log" ("content_type_id");
CREATE INDEX IF NOT EXISTS "django_admin_log_user_id_c564eba6" ON "django_admin_log" ("user_id");
CREATE INDEX IF NOT EXISTS "app1_leave_request_employee_id_3905a0b8" ON "app1_leave_request" ("employee_id");
CREATE TABLE IF NOT EXISTS "custom_user_user_groups" ("id" integer NOT NULL PRIMARY KEY AUTOINCREMENT, "user_id" bigint NOT NULL REFERENCES "custom_user_user" ("id") DEFERRABLE INITIALLY DEFERRED, "group_id" integer NOT NULL REFERENCES "auth_group" ("id") DEFERRABLE INITIALLY DEFERRED);
CREATE UNIQUE INDEX "django_content_type_app_label_model_76bd3d3b_uniq" ON "django_content_type" ("app_label", "model");
CREATE UNIQUE INDEX "auth_group_permissions_group_id_permission_id_0cd325b0_uniq" ON "auth_group_permissions" ("group_id", "permission_id");
CREATE INDEX IF NOT EXISTS "auth_group_permissions_group_id_b120cbf9" ON "auth_group_permissions" ("group_id");
CREATE INDEX IF NOT EXISTS "auth_group_permissions_permission_id_84c5c92e" ON "auth_group_permissions" ("permission_id");
CREATE UNIQUE INDEX "auth_permission_content_type_id_codename_01ab375a_uniq" ON "auth_permission" ("content_type_id", "codename");
CREATE INDEX IF NOT EXISTS "auth_permission_content_type_id_2f476e4b" ON "auth_permission" ("content_type_id");
CREATE UNIQUE INDEX "custom_user_user_groups_user_id_group_id_fc2104d2_uniq" ON "custom_user_user_groups" ("user_id", "group_id");
CREATE INDEX IF NOT EXISTS "custom_user_user_groups_user_id_f1071bc9" ON "custom_user_user_groups" ("user_id");
CREATE INDEX IF NOT EXISTS "custom_user_user_groups_group_id_dfde52bf" ON "custom_user_user_groups" ("group_id");
CREATE UNIQUE INDEX "custom_user_user_user_permissions_user_id_permission_id_2215a086_uniq" ON "custom_user_user_user_permissions" ("user_id", "permission_id");
CREATE INDEX IF NOT EXISTS "custom_user_user_user_permissions_user_id_65556ab9" ON "custom_user_user_user_permissions" ("user_id");
CREATE INDEX IF NOT EXISTS "custom_user_user_user_permissions_permission_id_cb2d2b0f" ON "custom_user_user_user_permissions" ("permission_id");
CREATE INDEX IF NOT EXISTS "django_session_expire_date_a5c62663" ON "django_session" ("expire_date");
CREATE INDEX IF NOT EXISTS "django_admin_log_content_type_id_c4bce8eb" ON "django_admin_log" ("content_type_id");
CREATE INDEX IF NOT EXISTS "django_admin_log_user_id_c564eba6" ON "django_admin_log" ("user_id");
CREATE INDEX IF NOT EXISTS "app1_leave_request_employee_id_3905a0b8" ON "app1_leave_request" ("employee_id");
CREATE TABLE IF NOT EXISTS "custom_user_user_user_permissions" ("id" integer NOT NULL PRIMARY KEY AUTOINCREMENT, "user_id" bigint NOT NULL REFERENCES "custom_user_user" ("id") DEFERRABLE INITIALLY DEFERRED, "permission_id" integer NOT NULL REFERENCES "auth_permission" ("id") DEFERRABLE INITIALLY DEFERRED);
CREATE UNIQUE INDEX "django_content_type_app_label_model_76bd3d3b_uniq" ON "django_content_type" ("app_label", "model");
CREATE UNIQUE INDEX "auth_group_permissions_group_id_permission_id_0cd325b0_uniq" ON "auth_group_permissions" ("group_id", "permission_id");
CREATE INDEX IF NOT EXISTS "auth_group_permissions_group_id_b120cbf9" ON "auth_group_permissions" ("group_id");
CREATE INDEX IF NOT EXISTS "auth_group_permissions_permission_id_84c5c92e" ON "auth_group_permissions" ("permission_id");
CREATE UNIQUE INDEX "auth_permission_content_type_id_codename_01ab375a_uniq" ON "auth_permission" ("content_type_id", "codename");
CREATE INDEX IF NOT EXISTS "auth_permission_content_type_id_2f476e4b" ON "auth_permission" ("content_type_id");
CREATE UNIQUE INDEX "custom_user_user_groups_user_id_group_id_fc2104d2_uniq" ON "custom_user_user_groups" ("user_id", "group_id");
CREATE INDEX IF NOT EXISTS "custom_user_user_groups_user_id_f1071bc9" ON "custom_user_user_groups" ("user_id");
CREATE INDEX IF NOT EXISTS "custom_user_user_groups_group_id_dfde52bf" ON "custom_user_user_groups" ("group_id");
CREATE UNIQUE INDEX "custom_user_user_user_permissions_user_id_permission_id_2215a086_uniq" ON "custom_user_user_user_permissions" ("user_id", "permission_id");
CREATE INDEX IF NOT EXISTS "custom_user_user_user_permissions_user_id_65556ab9" ON "custom_user_user_user_permissions" ("user_id");
CREATE INDEX IF NOT EXISTS "custom_user_user_user_permissions_permission_id_cb2d2b0f" ON "custom_user_user_user_permissions" ("permission_id");
CREATE INDEX IF NOT EXISTS "django_session_expire_date_a5c62663" ON "django_session" ("expire_date");
CREATE INDEX IF NOT EXISTS "django_admin_log_content_type_id_c4bce8eb" ON "django_admin_log" ("content_type_id");
CREATE INDEX IF NOT EXISTS "django_admin_log_user_id_c564eba6" ON "django_admin_log" ("user_id");
CREATE INDEX IF NOT EXISTS "app1_leave_request_employee_id_3905a0b8" ON "app1_leave_request" ("employee_id");
CREATE TABLE IF NOT EXISTS "django_admin_log" ("id" integer NOT NULL PRIMARY KEY AUTOINCREMENT, "object_id" text NULL, "object_repr" varchar(200) NOT NULL, "action_flag" smallint unsigned NOT NULL CHECK ("action_flag" >= 0), "change_message" text NOT NULL, "content_type_id" integer NULL REFERENCES "django_content_type" ("id") DEFERRABLE INITIALLY DEFERRED, "user_id" bigint NOT NULL REFERENCES "custom_user_user" ("id") DEFERRABLE INITIALLY DEFERRED, "action_time" datetime NOT NULL);
INSERT INTO "django_admin_log" VALUES(1,'2','sompallipriyanka2001@gmail.com',1,'[{"added": {}}]',5,1,'2023-10-17 10:11:43.988005');
INSERT INTO "django_admin_log" VALUES(2,'1','Employee object (1)',1,'[{"added": {}}]',8,1,'2023-10-18 07:25:28.317157');
INSERT INTO "django_admin_log" VALUES(3,'3','naveen@gmail.com',1,'[{"added": {}}]',5,1,'2023-10-18 07:26:48.919898');
INSERT INTO "django_admin_log" VALUES(4,'2','Employee object (2)',1,'[{"added": {}}]',8,1,'2023-10-18 07:50:17.550763');
INSERT INTO "django_admin_log" VALUES(5,'4','nivetha@gmail.com',1,'[{"added": {}}]',5,1,'2023-10-18 08:58:31.453369');
INSERT INTO "django_admin_log" VALUES(6,'3','Employee object (3)',1,'[{"added": {}}]',8,1,'2023-10-18 08:59:07.106762');
INSERT INTO "django_admin_log" VALUES(7,'21','Leave_Request object (21)',3,'',7,1,'2023-10-18 15:56:01.865862');
INSERT INTO "django_admin_log" VALUES(8,'20','Leave_Request object (20)',3,'',7,1,'2023-10-18 15:56:01.876649');
INSERT INTO "django_admin_log" VALUES(9,'19','Leave_Request object (19)',3,'',7,1,'2023-10-18 15:56:01.884286');
INSERT INTO "django_admin_log" VALUES(10,'18','Leave_Request object (18)',3,'',7,1,'2023-10-18 15:56:01.894630');
INSERT INTO "django_admin_log" VALUES(11,'17','Leave_Request object (17)',3,'',7,1,'2023-10-18 15:56:01.902823');
INSERT INTO "django_admin_log" VALUES(12,'16','Leave_Request object (16)',3,'',7,1,'2023-10-18 15:56:01.922169');
INSERT INTO "django_admin_log" VALUES(13,'15','Leave_Request object (15)',3,'',7,1,'2023-10-18 15:56:01.930950');
INSERT INTO "django_admin_log" VALUES(14,'14','Leave_Request object (14)',3,'',7,1,'2023-10-18 15:56:01.942462');
INSERT INTO "django_admin_log" VALUES(15,'13','Leave_Request object (13)',3,'',7,1,'2023-10-18 15:56:01.950501');
INSERT INTO "django_admin_log" VALUES(16,'12','Leave_Request object (12)',3,'',7,1,'2023-10-18 15:56:01.957917');
INSERT INTO "django_admin_log" VALUES(17,'11','Leave_Request object (11)',3,'',7,1,'2023-10-18 15:56:01.965240');
INSERT INTO "django_admin_log" VALUES(18,'10','Leave_Request object (10)',3,'',7,1,'2023-10-18 15:56:01.972767');
INSERT INTO "django_admin_log" VALUES(19,'9','Leave_Request object (9)',3,'',7,1,'2023-10-18 15:56:01.979752');
INSERT INTO "django_admin_log" VALUES(20,'8','Leave_Request object (8)',3,'',7,1,'2023-10-18 15:56:01.985788');
INSERT INTO "django_admin_log" VALUES(21,'7','Leave_Request object (7)',3,'',7,1,'2023-10-18 15:56:01.992396');
INSERT INTO "django_admin_log" VALUES(22,'6','Leave_Request object (6)',3,'',7,1,'2023-10-18 15:56:01.998075');
INSERT INTO "django_admin_log" VALUES(23,'5','Leave_Request object (5)',3,'',7,1,'2023-10-18 15:56:02.004123');
INSERT INTO "django_admin_log" VALUES(24,'4','Leave_Request object (4)',3,'',7,1,'2023-10-18 15:56:02.014482');
INSERT INTO "django_admin_log" VALUES(25,'3','Leave_Request object (3)',3,'',7,1,'2023-10-18 15:56:02.020495');
INSERT INTO "django_admin_log" VALUES(26,'2','Leave_Request object (2)',3,'',7,1,'2023-10-18 15:56:02.028599');
INSERT INTO "django_admin_log" VALUES(27,'1','Leave_Request object (1)',3,'',7,1,'2023-10-18 15:56:02.034826');
INSERT INTO "django_admin_log" VALUES(28,'23','Leave_Request object (23)',3,'',7,1,'2023-10-19 04:20:54.484036');
INSERT INTO "django_admin_log" VALUES(29,'22','Leave_Request object (22)',3,'',7,1,'2023-10-19 04:21:48.965475');
INSERT INTO "django_admin_log" VALUES(30,'4','Employee object (4)',1,'[{"added": {}}]',8,1,'2023-10-19 09:01:23.883789');
INSERT INTO "django_admin_log" VALUES(31,'29','Leave_Request object (29)',2,'[{"changed": {"fields": ["File", "Status"]}}]',7,1,'2023-10-19 11:59:05.787873');
INSERT INTO "django_admin_log" VALUES(32,'24','Leave_Request object (24)',3,'',7,1,'2023-10-20 07:59:55.950884');
INSERT INTO "django_admin_log" VALUES(33,'33','Leave_Request object (33)',3,'',7,1,'2023-10-20 09:25:11.185376');
INSERT INTO "django_admin_log" VALUES(34,'32','Leave_Request object (32)',3,'',7,1,'2023-10-20 09:25:11.194378');
INSERT INTO "django_admin_log" VALUES(35,'31','Leave_Request object (31)',3,'',7,1,'2023-10-20 09:25:11.202509');
INSERT INTO "django_admin_log" VALUES(36,'30','Leave_Request object (30)',3,'',7,1,'2023-10-20 09:25:11.209532');
INSERT INTO "django_admin_log" VALUES(37,'29','Leave_Request object (29)',3,'',7,1,'2023-10-20 09:25:11.217533');
INSERT INTO "django_admin_log" VALUES(38,'28','Leave_Request object (28)',3,'',7,1,'2023-10-20 09:25:11.225964');
INSERT INTO "django_admin_log" VALUES(39,'27','Leave_Request object (27)',3,'',7,1,'2023-10-20 09:25:11.231955');
INSERT INTO "django_admin_log" VALUES(40,'26','Leave_Request object (26)',3,'',7,1,'2023-10-20 09:25:11.239367');
INSERT INTO "django_admin_log" VALUES(41,'25','Leave_Request object (25)',3,'',7,1,'2023-10-20 09:25:11.245893');
INSERT INTO "django_admin_log" VALUES(42,'37','Leave_Request object (37)',3,'',7,1,'2023-10-20 10:48:04.663463');
INSERT INTO "django_admin_log" VALUES(43,'36','Leave_Request object (36)',3,'',7,1,'2023-10-20 10:48:13.900970');
INSERT INTO "django_admin_log" VALUES(44,'35','Leave_Request object (35)',3,'',7,1,'2023-10-20 10:48:13.908971');
INSERT INTO "django_admin_log" VALUES(45,'34','Leave_Request object (34)',3,'',7,1,'2023-10-20 10:48:13.919741');
INSERT INTO "django_admin_log" VALUES(46,'5','hsadhu750@gmail.com',1,'[{"added": {}}]',5,1,'2023-10-20 11:46:32.576408');
INSERT INTO "django_admin_log" VALUES(47,'6','meghanaramesh966@gmail.com',1,'[{"added": {}}]',5,1,'2023-10-25 07:56:04.992571');
INSERT INTO "django_admin_log" VALUES(48,'5','Employee object (5)',1,'[{"added": {}}]',8,1,'2023-10-25 07:56:33.999645');
INSERT INTO "django_admin_log" VALUES(49,'7','bhagyasreegandikota5@gmail.com',1,'[{"added": {}}]',5,1,'2023-10-25 08:53:53.621825');
INSERT INTO "django_admin_log" VALUES(50,'6','Employee object (6)',1,'[{"added": {}}]',8,1,'2023-10-25 08:54:47.514625');
INSERT INTO "django_admin_log" VALUES(51,'66','Leave_Request object (66)',3,'',7,1,'2023-10-26 07:27:20.586222');
INSERT INTO "django_admin_log" VALUES(52,'65','Leave_Request object (65)',3,'',7,1,'2023-10-26 07:27:20.624826');
INSERT INTO "django_admin_log" VALUES(53,'64','Leave_Request object (64)',3,'',7,1,'2023-10-26 07:27:20.632827');
INSERT INTO "django_admin_log" VALUES(54,'63','Leave_Request object (63)',3,'',7,1,'2023-10-26 07:27:20.639826');
INSERT INTO "django_admin_log" VALUES(55,'62','Leave_Request object (62)',3,'',7,1,'2023-10-26 07:27:20.646825');
INSERT INTO "django_admin_log" VALUES(56,'61','Leave_Request object (61)',3,'',7,1,'2023-10-26 07:27:20.654827');
INSERT INTO "django_admin_log" VALUES(57,'60','Leave_Request object (60)',3,'',7,1,'2023-10-26 07:27:20.660825');
INSERT INTO "django_admin_log" VALUES(58,'59','Leave_Request object (59)',3,'',7,1,'2023-10-26 07:27:20.671327');
INSERT INTO "django_admin_log" VALUES(59,'58','Leave_Request object (58)',3,'',7,1,'2023-10-26 07:27:20.677625');
INSERT INTO "django_admin_log" VALUES(60,'57','Leave_Request object (57)',3,'',7,1,'2023-10-26 07:27:20.685339');
INSERT INTO "django_admin_log" VALUES(61,'56','Leave_Request object (56)',3,'',7,1,'2023-10-26 07:27:20.691395');
INSERT INTO "django_admin_log" VALUES(62,'55','Leave_Request object (55)',3,'',7,1,'2023-10-26 07:27:20.698466');
INSERT INTO "django_admin_log" VALUES(63,'54','Leave_Request object (54)',3,'',7,1,'2023-10-26 07:27:20.705466');
INSERT INTO "django_admin_log" VALUES(64,'53','Leave_Request object (53)',3,'',7,1,'2023-10-26 07:27:20.712466');
INSERT INTO "django_admin_log" VALUES(65,'52','Leave_Request object (52)',3,'',7,1,'2023-10-26 07:27:20.718327');
INSERT INTO "django_admin_log" VALUES(66,'51','Leave_Request object (51)',3,'',7,1,'2023-10-26 07:27:20.724883');
INSERT INTO "django_admin_log" VALUES(67,'50','Leave_Request object (50)',3,'',7,1,'2023-10-26 07:27:20.730883');
INSERT INTO "django_admin_log" VALUES(68,'49','Leave_Request object (49)',3,'',7,1,'2023-10-26 07:27:20.740889');
INSERT INTO "django_admin_log" VALUES(69,'48','Leave_Request object (48)',3,'',7,1,'2023-10-26 07:27:20.746892');
INSERT INTO "django_admin_log" VALUES(70,'47','Leave_Request object (47)',3,'',7,1,'2023-10-26 07:27:20.753563');
INSERT INTO "django_admin_log" VALUES(71,'46','Leave_Request object (46)',3,'',7,1,'2023-10-26 07:27:20.759843');
INSERT INTO "django_admin_log" VALUES(72,'45','Leave_Request object (45)',3,'',7,1,'2023-10-26 07:27:20.766128');
INSERT INTO "django_admin_log" VALUES(73,'44','Leave_Request object (44)',3,'',7,1,'2023-10-26 07:27:20.772682');
INSERT INTO "django_admin_log" VALUES(74,'43','Leave_Request object (43)',3,'',7,1,'2023-10-26 07:27:20.783058');
INSERT INTO "django_admin_log" VALUES(75,'42','Leave_Request object (42)',3,'',7,1,'2023-10-26 07:27:20.789847');
INSERT INTO "django_admin_log" VALUES(76,'41','Leave_Request object (41)',3,'',7,1,'2023-10-26 07:27:20.796157');
INSERT INTO "django_admin_log" VALUES(77,'40','Leave_Request object (40)',3,'',7,1,'2023-10-26 07:27:20.803158');
INSERT INTO "django_admin_log" VALUES(78,'39','Leave_Request object (39)',3,'',7,1,'2023-10-26 07:27:20.809156');
INSERT INTO "django_admin_log" VALUES(79,'38','Leave_Request object (38)',3,'',7,1,'2023-10-26 07:27:20.815822');
INSERT INTO "django_admin_log" VALUES(80,'8','sompallipriyanka22@gmail.com',1,'[{"added": {}}]',5,1,'2023-10-27 12:08:57.067937');
INSERT INTO "django_admin_log" VALUES(81,'8','sompallipriyanka22@gmail.com',2,'[{"changed": {"fields": ["Superuser status"]}}]',5,1,'2023-10-27 12:09:21.357198');
INSERT INTO "django_admin_log" VALUES(82,'7','Employee object (7)',1,'[{"added": {}}]',8,1,'2023-10-27 12:10:43.041111');
INSERT INTO "django_admin_log" VALUES(83,'9','anilbellamkonda7217@yahoo.com',1,'[{"added": {}}]',5,1,'2023-10-29 12:17:20.303101');
INSERT INTO "django_admin_log" VALUES(84,'8','Employee object (8)',1,'[{"added": {}}]',8,1,'2023-10-29 12:18:12.720921');
INSERT INTO "django_admin_log" VALUES(85,'9','Employee object (9)',1,'[{"added": {}}]',8,1,'2023-10-29 12:18:12.794710');
INSERT INTO "django_admin_log" VALUES(86,'9','Employee object (9)',2,'[{"changed": {"fields": ["Full name"]}}]',8,1,'2023-10-29 12:23:56.250083');
INSERT INTO "django_admin_log" VALUES(87,'9','anilbellamkonda7217@yahoo.com',2,'[]',5,1,'2023-10-29 12:29:42.593116');
INSERT INTO "django_admin_log" VALUES(88,'10','anil@gmail.com',1,'[{"added": {}}]',5,1,'2023-10-29 12:57:13.012337');
INSERT INTO "django_admin_log" VALUES(89,'10','Employee object (10)',1,'[{"added": {}}]',8,1,'2023-10-29 12:57:52.723101');
INSERT INTO "django_admin_log" VALUES(90,'9','Employee object (9)',3,'',8,1,'2023-10-29 12:59:02.863603');
INSERT INTO "django_admin_log" VALUES(91,'9','anilbellamkonda7217@yahoo.com',3,'',5,1,'2023-10-29 12:59:18.425325');
INSERT INTO "django_admin_log" VALUES(92,'142','Leave_Request object (142)',3,'',7,1,'2023-10-31 04:28:52.265761');
INSERT INTO "django_admin_log" VALUES(93,'141','Leave_Request object (141)',3,'',7,1,'2023-10-31 04:28:52.278108');
INSERT INTO "django_admin_log" VALUES(94,'140','Leave_Request object (140)',3,'',7,1,'2023-10-31 04:28:52.286607');
INSERT INTO "django_admin_log" VALUES(95,'139','Leave_Request object (139)',3,'',7,1,'2023-10-31 04:28:52.294676');
INSERT INTO "django_admin_log" VALUES(96,'138','Leave_Request object (138)',3,'',7,1,'2023-10-31 04:28:52.300711');
INSERT INTO "django_admin_log" VALUES(97,'137','Leave_Request object (137)',3,'',7,1,'2023-10-31 04:28:52.308568');
INSERT INTO "django_admin_log" VALUES(98,'136','Leave_Request object (136)',3,'',7,1,'2023-10-31 04:28:52.315461');
INSERT INTO "django_admin_log" VALUES(99,'135','Leave_Request object (135)',3,'',7,1,'2023-10-31 04:28:52.322471');
INSERT INTO "django_admin_log" VALUES(100,'134','Leave_Request object (134)',3,'',7,1,'2023-10-31 04:28:52.330468');
INSERT INTO "django_admin_log" VALUES(101,'133','Leave_Request object (133)',3,'',7,1,'2023-10-31 04:28:52.339468');
INSERT INTO "django_admin_log" VALUES(102,'132','Leave_Request object (132)',3,'',7,1,'2023-10-31 04:28:52.345469');
INSERT INTO "django_admin_log" VALUES(103,'131','Leave_Request object (131)',3,'',7,1,'2023-10-31 04:28:52.353750');
INSERT INTO "django_admin_log" VALUES(104,'130','Leave_Request object (130)',3,'',7,1,'2023-10-31 04:28:52.359992');
INSERT INTO "django_admin_log" VALUES(105,'129','Leave_Request object (129)',3,'',7,1,'2023-10-31 04:28:52.367062');
INSERT INTO "django_admin_log" VALUES(106,'128','Leave_Request object (128)',3,'',7,1,'2023-10-31 04:28:52.374818');
INSERT INTO "django_admin_log" VALUES(107,'127','Leave_Request object (127)',3,'',7,1,'2023-10-31 04:28:52.381811');
INSERT INTO "django_admin_log" VALUES(108,'126','Leave_Request object (126)',3,'',7,1,'2023-10-31 04:28:52.389886');
INSERT INTO "django_admin_log" VALUES(109,'125','Leave_Request object (125)',3,'',7,1,'2023-10-31 04:28:52.396853');
INSERT INTO "django_admin_log" VALUES(110,'124','Leave_Request object (124)',3,'',7,1,'2023-10-31 04:28:52.403852');
INSERT INTO "django_admin_log" VALUES(111,'123','Leave_Request object (123)',3,'',7,1,'2023-10-31 04:28:52.411057');
INSERT INTO "django_admin_log" VALUES(112,'122','Leave_Request object (122)',3,'',7,1,'2023-10-31 04:28:52.419063');
INSERT INTO "django_admin_log" VALUES(113,'121','Leave_Request object (121)',3,'',7,1,'2023-10-31 04:28:52.425587');
INSERT INTO "django_admin_log" VALUES(114,'120','Leave_Request object (120)',3,'',7,1,'2023-10-31 04:28:52.433586');
INSERT INTO "django_admin_log" VALUES(115,'119','Leave_Request object (119)',3,'',7,1,'2023-10-31 04:28:52.441258');
INSERT INTO "django_admin_log" VALUES(116,'118','Leave_Request object (118)',3,'',7,1,'2023-10-31 04:28:52.448711');
INSERT INTO "django_admin_log" VALUES(117,'117','Leave_Request object (117)',3,'',7,1,'2023-10-31 04:28:52.461399');
INSERT INTO "django_admin_log" VALUES(118,'116','Leave_Request object (116)',3,'',7,1,'2023-10-31 04:28:52.469088');
INSERT INTO "django_admin_log" VALUES(119,'115','Leave_Request object (115)',3,'',7,1,'2023-10-31 04:28:52.477090');
INSERT INTO "django_admin_log" VALUES(120,'114','Leave_Request object (114)',3,'',7,1,'2023-10-31 04:28:52.485086');
INSERT INTO "django_admin_log" VALUES(121,'113','Leave_Request object (113)',3,'',7,1,'2023-10-31 04:28:52.494077');
INSERT INTO "django_admin_log" VALUES(122,'112','Leave_Request object (112)',3,'',7,1,'2023-10-31 04:28:52.502041');
INSERT INTO "django_admin_log" VALUES(123,'111','Leave_Request object (111)',3,'',7,1,'2023-10-31 04:28:52.511044');
INSERT INTO "django_admin_log" VALUES(124,'110','Leave_Request object (110)',3,'',7,1,'2023-10-31 04:28:52.518040');
INSERT INTO "django_admin_log" VALUES(125,'109','Leave_Request object (109)',3,'',7,1,'2023-10-31 04:28:52.527037');
INSERT INTO "django_admin_log" VALUES(126,'108','Leave_Request object (108)',3,'',7,1,'2023-10-31 04:28:52.535039');
INSERT INTO "django_admin_log" VALUES(127,'107','Leave_Request object (107)',3,'',7,1,'2023-10-31 04:28:52.548825');
INSERT INTO "django_admin_log" VALUES(128,'106','Leave_Request object (106)',3,'',7,1,'2023-10-31 04:28:52.556305');
INSERT INTO "django_admin_log" VALUES(129,'105','Leave_Request object (105)',3,'',7,1,'2023-10-31 04:28:52.565295');
INSERT INTO "django_admin_log" VALUES(130,'104','Leave_Request object (104)',3,'',7,1,'2023-10-31 04:28:52.572295');
INSERT INTO "django_admin_log" VALUES(131,'103','Leave_Request object (103)',3,'',7,1,'2023-10-31 04:28:52.579295');
INSERT INTO "django_admin_log" VALUES(132,'102','Leave_Request object (102)',3,'',7,1,'2023-10-31 04:28:52.588291');
INSERT INTO "django_admin_log" VALUES(133,'101','Leave_Request object (101)',3,'',7,1,'2023-10-31 04:28:52.596980');
INSERT INTO "django_admin_log" VALUES(134,'100','Leave_Request object (100)',3,'',7,1,'2023-10-31 04:28:52.603978');
INSERT INTO "django_admin_log" VALUES(135,'99','Leave_Request object (99)',3,'',7,1,'2023-10-31 04:28:52.612009');
INSERT INTO "django_admin_log" VALUES(136,'98','Leave_Request object (98)',3,'',7,1,'2023-10-31 04:29:38.740894');
INSERT INTO "django_admin_log" VALUES(137,'97','Leave_Request object (97)',3,'',7,1,'2023-10-31 04:29:38.751923');
INSERT INTO "django_admin_log" VALUES(138,'96','Leave_Request object (96)',3,'',7,1,'2023-10-31 04:29:38.759437');
INSERT INTO "django_admin_log" VALUES(139,'95','Leave_Request object (95)',3,'',7,1,'2023-10-31 04:29:38.770679');
INSERT INTO "django_admin_log" VALUES(140,'94','Leave_Request object (94)',3,'',7,1,'2023-10-31 04:29:38.777697');
INSERT INTO "django_admin_log" VALUES(141,'93','Leave_Request object (93)',3,'',7,1,'2023-10-31 04:29:38.786695');
INSERT INTO "django_admin_log" VALUES(142,'92','Leave_Request object (92)',3,'',7,1,'2023-10-31 04:29:38.794003');
INSERT INTO "django_admin_log" VALUES(143,'91','Leave_Request object (91)',3,'',7,1,'2023-10-31 04:29:38.801760');
INSERT INTO "django_admin_log" VALUES(144,'90','Leave_Request object (90)',3,'',7,1,'2023-10-31 04:29:38.811041');
INSERT INTO "django_admin_log" VALUES(145,'89','Leave_Request object (89)',3,'',7,1,'2023-10-31 04:29:38.817073');
INSERT INTO "django_admin_log" VALUES(146,'159','Leave_Request object (159)',3,'',7,1,'2023-11-05 08:39:05.581404');
INSERT INTO "django_admin_log" VALUES(147,'158','Leave_Request object (158)',3,'',7,1,'2023-11-05 08:39:05.623129');
INSERT INTO "django_admin_log" VALUES(148,'157','Leave_Request object (157)',3,'',7,1,'2023-11-05 08:39:05.632399');
INSERT INTO "django_admin_log" VALUES(149,'156','Leave_Request object (156)',3,'',7,1,'2023-11-05 08:39:05.639402');
INSERT INTO "django_admin_log" VALUES(150,'155','Leave_Request object (155)',3,'',7,1,'2023-11-05 08:39:05.646750');
INSERT INTO "django_admin_log" VALUES(151,'154','Leave_Request object (154)',3,'',7,1,'2023-11-05 08:39:05.653751');
INSERT INTO "django_admin_log" VALUES(152,'153','Leave_Request object (153)',3,'',7,1,'2023-11-05 08:39:05.661002');
INSERT INTO "django_admin_log" VALUES(153,'152','Leave_Request object (152)',3,'',7,1,'2023-11-05 08:39:05.668226');
INSERT INTO "django_admin_log" VALUES(154,'151','Leave_Request object (151)',3,'',7,1,'2023-11-05 08:39:05.674749');
INSERT INTO "django_admin_log" VALUES(155,'150','Leave_Request object (150)',3,'',7,1,'2023-11-05 08:39:05.681849');
INSERT INTO "django_admin_log" VALUES(156,'149','Leave_Request object (149)',3,'',7,1,'2023-11-05 08:39:05.688269');
INSERT INTO "django_admin_log" VALUES(157,'148','Leave_Request object (148)',3,'',7,1,'2023-11-05 08:39:05.695464');
INSERT INTO "django_admin_log" VALUES(158,'147','Leave_Request object (147)',3,'',7,1,'2023-11-05 08:39:05.701787');
INSERT INTO "django_admin_log" VALUES(159,'146','Leave_Request object (146)',3,'',7,1,'2023-11-05 08:39:05.709767');
INSERT INTO "django_admin_log" VALUES(160,'145','Leave_Request object (145)',3,'',7,1,'2023-11-05 08:39:05.716497');
INSERT INTO "django_admin_log" VALUES(161,'144','Leave_Request object (144)',3,'',7,1,'2023-11-05 08:39:05.722569');
INSERT INTO "django_admin_log" VALUES(162,'143','Leave_Request object (143)',3,'',7,1,'2023-11-05 08:39:05.729521');
INSERT INTO "django_admin_log" VALUES(163,'88','Leave_Request object (88)',3,'',7,1,'2023-11-05 08:39:05.735740');
INSERT INTO "django_admin_log" VALUES(164,'87','Leave_Request object (87)',3,'',7,1,'2023-11-05 08:39:05.742180');
INSERT INTO "django_admin_log" VALUES(165,'86','Leave_Request object (86)',3,'',7,1,'2023-11-05 08:39:05.749181');
INSERT INTO "django_admin_log" VALUES(166,'85','Leave_Request object (85)',3,'',7,1,'2023-11-05 08:39:05.755180');
INSERT INTO "django_admin_log" VALUES(167,'84','Leave_Request object (84)',3,'',7,1,'2023-11-05 08:39:05.762009');
INSERT INTO "django_admin_log" VALUES(168,'83','Leave_Request object (83)',3,'',7,1,'2023-11-05 08:39:05.768901');
INSERT INTO "django_admin_log" VALUES(169,'82','Leave_Request object (82)',3,'',7,1,'2023-11-05 08:39:05.776506');
INSERT INTO "django_admin_log" VALUES(170,'81','Leave_Request object (81)',3,'',7,1,'2023-11-05 08:39:05.782511');
INSERT INTO "django_admin_log" VALUES(171,'80','Leave_Request object (80)',3,'',7,1,'2023-11-05 08:39:05.787507');
INSERT INTO "django_admin_log" VALUES(172,'79','Leave_Request object (79)',3,'',7,1,'2023-11-05 08:39:05.794376');
INSERT INTO "django_admin_log" VALUES(173,'78','Leave_Request object (78)',3,'',7,1,'2023-11-05 08:39:05.800724');
INSERT INTO "django_admin_log" VALUES(174,'77','Leave_Request object (77)',3,'',7,1,'2023-11-05 08:39:05.806894');
INSERT INTO "django_admin_log" VALUES(175,'76','Leave_Request object (76)',3,'',7,1,'2023-11-05 08:39:05.815063');
INSERT INTO "django_admin_log" VALUES(176,'75','Leave_Request object (75)',3,'',7,1,'2023-11-05 08:39:05.821069');
INSERT INTO "django_admin_log" VALUES(177,'74','Leave_Request object (74)',3,'',7,1,'2023-11-05 08:39:05.827590');
INSERT INTO "django_admin_log" VALUES(178,'73','Leave_Request object (73)',3,'',7,1,'2023-11-05 08:39:05.833393');
INSERT INTO "django_admin_log" VALUES(179,'72','Leave_Request object (72)',3,'',7,1,'2023-11-05 08:39:05.840406');
INSERT INTO "django_admin_log" VALUES(180,'71','Leave_Request object (71)',3,'',7,1,'2023-11-05 08:39:05.847234');
INSERT INTO "django_admin_log" VALUES(181,'70','Leave_Request object (70)',3,'',7,1,'2023-11-05 08:39:05.853234');
INSERT INTO "django_admin_log" VALUES(182,'69','Leave_Request object (69)',3,'',7,1,'2023-11-05 08:39:05.861529');
INSERT INTO "django_admin_log" VALUES(183,'68','Leave_Request object (68)',3,'',7,1,'2023-11-05 08:39:05.866736');
INSERT INTO "django_admin_log" VALUES(184,'67','Leave_Request object (67)',3,'',7,1,'2023-11-05 08:39:05.874729');
INSERT INTO "django_admin_log" VALUES(185,'11','vinaysm727@gmail.com',1,'[{"added": {}}]',5,1,'2023-11-05 09:01:34.874214');
INSERT INTO "django_admin_log" VALUES(186,'11','Employee object (11)',1,'[{"added": {}}]',8,1,'2023-11-05 09:02:05.872494');
INSERT INTO "django_admin_log" VALUES(187,'11','vinaysm727@gmail.com',2,'[{"changed": {"fields": ["Superuser status"]}}]',5,1,'2023-11-05 09:21:41.700683');
INSERT INTO "django_admin_log" VALUES(188,'11','vinaysm727@gmail.com',2,'[{"changed": {"fields": ["Superuser status"]}}]',5,1,'2023-11-05 09:22:17.774913');
INSERT INTO "django_admin_log" VALUES(189,'164','Leave_Request object (164)',3,'',7,1,'2023-11-06 05:22:25.710919');
INSERT INTO "django_admin_log" VALUES(190,'163','Leave_Request object (163)',3,'',7,1,'2023-11-06 05:22:25.718915');
INSERT INTO "django_admin_log" VALUES(191,'162','Leave_Request object (162)',3,'',7,1,'2023-11-06 05:22:25.726917');
INSERT INTO "django_admin_log" VALUES(192,'161','Leave_Request object (161)',3,'',7,1,'2023-11-06 05:22:25.733082');
INSERT INTO "django_admin_log" VALUES(193,'160','Leave_Request object (160)',3,'',7,1,'2023-11-06 05:22:25.742602');
INSERT INTO "django_admin_log" VALUES(194,'173','Leave_Request object (173)',3,'',7,1,'2023-11-07 05:01:29.861899');
INSERT INTO "django_admin_log" VALUES(195,'172','Leave_Request object (172)',3,'',7,1,'2023-11-07 05:01:36.471762');
INSERT INTO "django_admin_log" VALUES(196,'171','Leave_Request object (171)',3,'',7,1,'2023-11-07 05:01:43.471933');
INSERT INTO "django_admin_log" VALUES(197,'170','Leave_Request object (170)',3,'',7,1,'2023-11-07 05:01:56.734677');
INSERT INTO "django_admin_log" VALUES(198,'169','Leave_Request object (169)',3,'',7,1,'2023-11-07 05:01:56.743629');
INSERT INTO "django_admin_log" VALUES(199,'168','Leave_Request object (168)',3,'',7,1,'2023-11-07 05:01:56.753058');
INSERT INTO "django_admin_log" VALUES(200,'167','Leave_Request object (167)',3,'',7,1,'2023-11-07 05:01:56.761276');
INSERT INTO "django_admin_log" VALUES(201,'166','Leave_Request object (166)',3,'',7,1,'2023-11-07 05:01:56.770602');
INSERT INTO "django_admin_log" VALUES(202,'165','Leave_Request object (165)',3,'',7,1,'2023-11-07 05:01:56.778453');
INSERT INTO "django_admin_log" VALUES(203,'12','Shanmukhapriya1912@gmail.com',1,'[{"added": {}}]',5,1,'2023-11-07 05:11:42.846420');
INSERT INTO "django_admin_log" VALUES(204,'12','Employee object (12)',1,'[{"added": {}}]',8,1,'2023-11-07 05:12:38.084239');
INSERT INTO "django_admin_log" VALUES(205,'12','Employee object (12)',2,'[{"changed": {"fields": ["Casual leave entitlement"]}}]',8,1,'2023-11-07 06:41:52.347290');
INSERT INTO "django_admin_log" VALUES(206,'11','Employee object (11)',2,'[{"changed": {"fields": ["Casual leave entitlement"]}}]',8,1,'2023-11-07 06:41:59.345917');
INSERT INTO "django_admin_log" VALUES(207,'10','Employee object (10)',2,'[{"changed": {"fields": ["Casual leave entitlement"]}}]',8,1,'2023-11-07 06:42:06.867720');
INSERT INTO "django_admin_log" VALUES(208,'7','Employee object (7)',2,'[{"changed": {"fields": ["Casual leave entitlement"]}}]',8,1,'2023-11-07 06:42:14.591873');
INSERT INTO "django_admin_log" VALUES(209,'5','Employee object (5)',2,'[{"changed": {"fields": ["Casual leave entitlement"]}}]',8,1,'2023-11-07 06:42:43.180102');
INSERT INTO "django_admin_log" VALUES(210,'3','Employee object (3)',2,'[{"changed": {"fields": ["Casual leave entitlement"]}}]',8,1,'2023-11-07 06:42:49.200854');
INSERT INTO "django_admin_log" VALUES(211,'2','Employee object (2)',2,'[{"changed": {"fields": ["Casual leave entitlement"]}}]',8,1,'2023-11-07 06:42:55.837567');
INSERT INTO "django_admin_log" VALUES(212,'1','Employee object (1)',2,'[{"changed": {"fields": ["Casual leave entitlement"]}}]',8,1,'2023-11-07 06:43:01.683813');
INSERT INTO "django_admin_log" VALUES(213,'6','Employee object (6)',2,'[{"changed": {"fields": ["Casual leave entitlement"]}}]',8,1,'2023-11-07 06:43:08.601218');
INSERT INTO "django_admin_log" VALUES(214,'8','Employee object (8)',2,'[{"changed": {"fields": ["Casual leave entitlement"]}}]',8,1,'2023-11-07 06:43:15.447054');
INSERT INTO "django_admin_log" VALUES(215,'7','Employee object (7)',2,'[]',8,1,'2023-11-07 06:43:19.812681');
INSERT INTO "django_admin_log" VALUES(216,'8','Employee object (8)',2,'[]',8,1,'2023-11-07 06:43:23.627502');
INSERT INTO "django_admin_log" VALUES(217,'10','Employee object (10)',2,'[]',8,1,'2023-11-07 06:43:26.587028');
CREATE UNIQUE INDEX "django_content_type_app_label_model_76bd3d3b_uniq" ON "django_content_type" ("app_label", "model");
CREATE UNIQUE INDEX "auth_group_permissions_group_id_permission_id_0cd325b0_uniq" ON "auth_group_permissions" ("group_id", "permission_id");
CREATE INDEX IF NOT EXISTS "auth_group_permissions_group_id_b120cbf9" ON "auth_group_permissions" ("group_id");
CREATE INDEX IF NOT EXISTS "auth_group_permissions_permission_id_84c5c92e" ON "auth_group_permissions" ("permission_id");
CREATE UNIQUE INDEX "auth_permission_content_type_id_codename_01ab375a_uniq" ON "auth_permission" ("content_type_id", "codename");
CREATE INDEX IF NOT EXISTS "auth_permission_content_type_id_2f476e4b" ON "auth_permission" ("content_type_id");
CREATE UNIQUE INDEX "custom_user_user_groups_user_id_group_id_fc2104d2_uniq" ON "custom_user_user_groups" ("user_id", "group_id");
CREATE INDEX IF NOT EXISTS "custom_user_user_groups_user_id_f1071bc9" ON "custom_user_user_groups" ("user_id");
CREATE INDEX IF NOT EXISTS "custom_user_user_groups_group_id_dfde52bf" ON "custom_user_user_groups" ("group_id");
CREATE UNIQUE INDEX "custom_user_user_user_permissions_user_id_permission_id_2215a086_uniq" ON "custom_user_user_user_permissions" ("user_id", "permission_id");
CREATE INDEX IF NOT EXISTS "custom_user_user_user_permissions_user_id_65556ab9" ON "custom_user_user_user_permissions" ("user_id");
CREATE INDEX IF NOT EXISTS "custom_user_user_user_permissions_permission_id_cb2d2b0f" ON "custom_user_user_user_permissions" ("permission_id");
CREATE INDEX IF NOT EXISTS "django_session_expire_date_a5c62663" ON "django_session" ("expire_date");
CREATE INDEX IF NOT EXISTS "django_admin_log_content_type_id_c4bce8eb" ON "django_admin_log" ("content_type_id");
CREATE INDEX IF NOT EXISTS "django_admin_log_user_id_c564eba6" ON "django_admin_log" ("user_id");
CREATE INDEX IF NOT EXISTS "app1_leave_request_employee_id_3905a0b8" ON "app1_leave_request" ("employee_id");
CREATE TABLE IF NOT EXISTS "django_content_type" ("id" integer NOT NULL PRIMARY KEY AUTOINCREMENT, "app_label" varchar(100) NOT NULL, "model" varchar(100) NOT NULL);
INSERT INTO "django_content_type" VALUES(1,'auth','permission');
INSERT INTO "django_content_type" VALUES(2,'auth','group');
INSERT INTO "django_content_type" VALUES(3,'contenttypes','contenttype');
INSERT INTO "django_content_type" VALUES(4,'sessions','session');
INSERT INTO "django_content_type" VALUES(5,'custom_user','user');
INSERT INTO "django_content_type" VALUES(6,'admin','logentry');
INSERT INTO "django_content_type" VALUES(7,'app1','leave_request');
INSERT INTO "django_content_type" VALUES(8,'app1','employee');
CREATE UNIQUE INDEX "django_content_type_app_label_model_76bd3d3b_uniq" ON "django_content_type" ("app_label", "model");
CREATE UNIQUE INDEX "auth_group_permissions_group_id_permission_id_0cd325b0_uniq" ON "auth_group_permissions" ("group_id", "permission_id");
CREATE INDEX IF NOT EXISTS "auth_group_permissions_group_id_b120cbf9" ON "auth_group_permissions" ("group_id");
CREATE INDEX IF NOT EXISTS "auth_group_permissions_permission_id_84c5c92e" ON "auth_group_permissions" ("permission_id");
CREATE UNIQUE INDEX "auth_permission_content_type_id_codename_01ab375a_uniq" ON "auth_permission" ("content_type_id", "codename");
CREATE INDEX IF NOT EXISTS "auth_permission_content_type_id_2f476e4b" ON "auth_permission" ("content_type_id");
CREATE UNIQUE INDEX "custom_user_user_groups_user_id_group_id_fc2104d2_uniq" ON "custom_user_user_groups" ("user_id", "group_id");
CREATE INDEX IF NOT EXISTS "custom_user_user_groups_user_id_f1071bc9" ON "custom_user_user_groups" ("user_id");
CREATE INDEX IF NOT EXISTS "custom_user_user_groups_group_id_dfde52bf" ON "custom_user_user_groups" ("group_id");
CREATE UNIQUE INDEX "custom_user_user_user_permissions_user_id_permission_id_2215a086_uniq" ON "custom_user_user_user_permissions" ("user_id", "permission_id");
CREATE INDEX IF NOT EXISTS "custom_user_user_user_permissions_user_id_65556ab9" ON "custom_user_user_user_permissions" ("user_id");
CREATE INDEX IF NOT EXISTS "custom_user_user_user_permissions_permission_id_cb2d2b0f" ON "custom_user_user_user_permissions" ("permission_id");
CREATE INDEX IF NOT EXISTS "django_session_expire_date_a5c62663" ON "django_session" ("expire_date");
CREATE INDEX IF NOT EXISTS "django_admin_log_content_type_id_c4bce8eb" ON "django_admin_log" ("content_type_id");
CREATE INDEX IF NOT EXISTS "django_admin_log_user_id_c564eba6" ON "django_admin_log" ("user_id");
CREATE INDEX IF NOT EXISTS "app1_leave_request_employee_id_3905a0b8" ON "app1_leave_request" ("employee_id");
CREATE TABLE IF NOT EXISTS "django_migrations" ("id" integer NOT NULL PRIMARY KEY AUTOINCREMENT, "app" varchar(255) NOT NULL, "name" varchar(255) NOT NULL, "applied" datetime NOT NULL);
INSERT INTO "django_migrations" VALUES(1,'contenttypes','0001_initial','2023-10-17 09:25:55.929015');
INSERT INTO "django_migrations" VALUES(2,'contenttypes','0002_remove_content_type_name','2023-10-17 09:25:55.943376');
INSERT INTO "django_migrations" VALUES(3,'auth','0001_initial','2023-10-17 09:25:55.970418');
INSERT INTO "django_migrations" VALUES(4,'auth','0002_alter_permission_name_max_length','2023-10-17 09:25:55.988635');
INSERT INTO "django_migrations" VALUES(5,'auth','0003_alter_user_email_max_length','2023-10-17 09:25:56.000309');
INSERT INTO "django_migrations" VALUES(6,'auth','0004_alter_user_username_opts','2023-10-17 09:25:56.013184');
INSERT INTO "django_migrations" VALUES(7,'auth','0005_alter_user_last_login_null','2023-10-17 09:25:56.025614');
INSERT INTO "django_migrations" VALUES(8,'auth','0006_require_contenttypes_0002','2023-10-17 09:25:56.035868');
INSERT INTO "django_migrations" VALUES(9,'auth','0007_alter_validators_add_error_messages','2023-10-17 09:25:56.051158');
INSERT INTO "django_migrations" VALUES(10,'auth','0008_alter_user_username_max_length','2023-10-17 09:25:56.067713');
INSERT INTO "django_migrations" VALUES(11,'auth','0009_alter_user_last_name_max_length','2023-10-17 09:25:56.087200');
INSERT INTO "django_migrations" VALUES(12,'auth','0010_alter_group_name_max_length','2023-10-17 09:25:56.103763');
INSERT INTO "django_migrations" VALUES(13,'auth','0011_update_proxy_permissions','2023-10-17 09:25:56.113845');
INSERT INTO "django_migrations" VALUES(14,'auth','0012_alter_user_first_name_max_length','2023-10-17 09:25:56.125437');
INSERT INTO "django_migrations" VALUES(15,'custom_user','0001_initial','2023-10-17 09:25:56.148330');
INSERT INTO "django_migrations" VALUES(16,'sessions','0001_initial','2023-10-17 09:25:56.165014');
INSERT INTO "django_migrations" VALUES(17,'admin','0001_initial','2023-10-17 09:28:51.662804');
INSERT INTO "django_migrations" VALUES(18,'admin','0002_logentry_remove_auto_add','2023-10-17 09:28:51.690083');
INSERT INTO "django_migrations" VALUES(19,'admin','0003_logentry_add_action_flag_choices','2023-10-17 09:28:51.707472');
INSERT INTO "django_migrations" VALUES(20,'app1','0001_initial','2023-10-18 07:10:36.941945');
INSERT INTO "django_migrations" VALUES(21,'app1','0002_leave_request_full_name','2023-10-18 09:59:17.648701');
INSERT INTO "django_migrations" VALUES(22,'app1','0003_leave_request_file','2023-10-18 14:16:42.908463');
INSERT INTO "django_migrations" VALUES(23,'app1','0004_rename_from_date_leave_request_end_date_and_more','2023-10-18 15:29:33.581454');
INSERT INTO "django_migrations" VALUES(24,'app1','0005_leave_request_duration','2023-10-19 04:38:53.760591');
INSERT INTO "django_migrations" VALUES(25,'app1','0006_alter_leave_request_duration','2023-10-29 13:08:24.635744');
INSERT INTO "django_migrations" VALUES(26,'app1','0007_employee_casual_leave_entitlement','2023-10-30 10:31:37.234080');
INSERT INTO "django_migrations" VALUES(27,'app1','0008_leave_request_remarks','2023-11-06 04:42:43.613927');
INSERT INTO "django_migrations" VALUES(28,'app1','0009_alter_employee_casual_leave_entitlement','2023-11-07 06:38:56.333015');
CREATE UNIQUE INDEX "django_content_type_app_label_model_76bd3d3b_uniq" ON "django_content_type" ("app_label", "model");
CREATE UNIQUE INDEX "auth_group_permissions_group_id_permission_id_0cd325b0_uniq" ON "auth_group_permissions" ("group_id", "permission_id");
CREATE INDEX IF NOT EXISTS "auth_group_permissions_group_id_b120cbf9" ON "auth_group_permissions" ("group_id");
CREATE INDEX IF NOT EXISTS "auth_group_permissions_permission_id_84c5c92e" ON "auth_group_permissions" ("permission_id");
CREATE UNIQUE INDEX "auth_permission_content_type_id_codename_01ab375a_uniq" ON "auth_permission" ("content_type_id", "codename");
CREATE INDEX IF NOT EXISTS "auth_permission_content_type_id_2f476e4b" ON "auth_permission" ("content_type_id");
CREATE UNIQUE INDEX "custom_user_user_groups_user_id_group_id_fc2104d2_uniq" ON "custom_user_user_groups" ("user_id", "group_id");
CREATE INDEX IF NOT EXISTS "custom_user_user_groups_user_id_f1071bc9" ON "custom_user_user_groups" ("user_id");
CREATE INDEX IF NOT EXISTS "custom_user_user_groups_group_id_dfde52bf" ON "custom_user_user_groups" ("group_id");
CREATE UNIQUE INDEX "custom_user_user_user_permissions_user_id_permission_id_2215a086_uniq" ON "custom_user_user_user_permissions" ("user_id", "permission_id");
CREATE INDEX IF NOT EXISTS "custom_user_user_user_permissions_user_id_65556ab9" ON "custom_user_user_user_permissions" ("user_id");
CREATE INDEX IF NOT EXISTS "custom_user_user_user_permissions_permission_id_cb2d2b0f" ON "custom_user_user_user_permissions" ("permission_id");
CREATE INDEX IF NOT EXISTS "django_session_expire_date_a5c62663" ON "django_session" ("expire_date");
CREATE INDEX IF NOT EXISTS "django_admin_log_content_type_id_c4bce8eb" ON "django_admin_log" ("content_type_id");
CREATE INDEX IF NOT EXISTS "django_admin_log_user_id_c564eba6" ON "django_admin_log" ("user_id");
CREATE INDEX IF NOT EXISTS "app1_leave_request_employee_id_3905a0b8" ON "app1_leave_request" ("employee_id");
CREATE TABLE IF NOT EXISTS "django_session" ("session_key" varchar(40) NOT NULL PRIMARY KEY, "session_data" text NOT NULL, "expire_date" datetime NOT NULL);
INSERT INTO "django_session" VALUES('rpeti0lokzal5app10bmmhcmbkkdxtmt','.eJxVjEsOwjAMBe-SNYocUtcJS_Y9Q-U4DimgVupnhbg7VOoCtm9m3sv0vK213xad-yGbi3Hm9LslloeOO8h3Hm-TlWlc5yHZXbEHXWw3ZX1eD_fvoPJSv3UTggdyIt5hTKIOU0sR20IoBAHFxyIs3GjEs4soCkBAqFw8YQLz_gDGwTdN:1qt2NI:jlCAwSm9kUn0nMhwO6SHCFSvSg510pW_CLrQFKqMNm0','2023-11-01 08:57:56.701379');
INSERT INTO "django_session" VALUES('fe3z6x1xrg0pxy2o4zxg23j1lqnyeqd1','e30:1qtO2K:JYHz8C0wgcrdOjSoZLyVJm-hDm-iUD5tLkJxNu4q7Q8','2023-11-02 08:05:44.167698');
INSERT INTO "django_session" VALUES('x7x8wka6i38p8ibztg4qj21ujf5wifvr','e30:1qwLex:QY0cmT4re2qlBgYmVyOGfRRPnFi0Z09Zll4uOi6xjFM','2023-11-10 12:09:51.466302');
INSERT INTO "django_session" VALUES('d7x4u03z7m9k5pqx1fw5ujbsm5o2bfzy','e30:1qx4o7:QW_twwKOHpH9pUog6XmV4J5AGkPPgVjeMTCIFnmQmBE','2023-11-12 12:22:19.030029');
INSERT INTO "django_session" VALUES('5hidqd7r7s1j4feqeysn0q67uwn26ugf','e30:1qx4wp:25Lc3UNe9xff2MFnMp7JkX6AKbBna8pv1lZ2fV37bOQ','2023-11-12 12:31:19.985604');
INSERT INTO "django_session" VALUES('c8owg1gcaqy05ry9xjzwfmmmj9wrhgp8','e30:1qx561:dR3KFO_Eamc1P4sF_1UjtJ3Vt_tmheL3YFDkCVphUuc','2023-11-12 12:40:49.404152');
INSERT INTO "django_session" VALUES('hv9kmtfowf5m8fwzk9ohdrn6juwjr4iu','e30:1qxLYf:D9X9RqG0jAluPo58HxxdaLQZ5OjmoKYokSGTVj6IiXE','2023-11-13 06:15:29.582510');
INSERT INTO "django_session" VALUES('uc8dfh6rs50i5al87rhhs50f7t235rse','e30:1qxLYg:pguqlOncnFTJlv1f7s4VR9wtTJFIImK0ZU9yCz1Az6E','2023-11-13 06:15:30.156980');
INSERT INTO "django_session" VALUES('k7xyeddqsjm1jkrrvrt4umw4v7wnr7vg','.eJxVjMsOwiAQRf-FtSFSpjxcuu83kJkBpGogKe3K-O_apAvd3nPOfYmA21rC1tMS5iguQovT70bIj1R3EO9Yb01yq-syk9wVedAupxbT83q4fwcFe_nWirKyTFqRHUg5cBhN9pqtZYuQogFrVDqjGTUweoCoObk8Ghq8JwLx_gDqHDgM:1qzXjm:1mgTipg2Lm5-OFEGgxCiFvcO2N3nrYv3ddd7uC7SWBE','2023-11-19 07:40:02.390900');
INSERT INTO "django_session" VALUES('mju194wdlpk31xwt7exuqmil0b3ax677','.eJxVjEEOwiAQRe_C2hALHRCX7nsGMsMwUjU0Ke3KeHdD0oVu_3vvv1XEfStxb3mNM6urMur0uxGmZ64d8APrfdFpqds6k-6KPmjT08L5dTvcv4OCrfRaYDhbCdlCTtaY4C0PGEIehYGAHHgWRkseEAVGIe-9MY6NgwuJU58v8v44SQ:1r0G0n:0xl-KgsYawUMBQKL-6Zfin4ZGMEj3kaFxFykKHEH2X8','2023-11-21 06:56:33.879521');
CREATE UNIQUE INDEX "django_content_type_app_label_model_76bd3d3b_uniq" ON "django_content_type" ("app_label", "model");
CREATE UNIQUE INDEX "auth_group_permissions_group_id_permission_id_0cd325b0_uniq" ON "auth_group_permissions" ("group_id", "permission_id");
CREATE INDEX IF NOT EXISTS "auth_group_permissions_group_id_b120cbf9" ON "auth_group_permissions" ("group_id");
CREATE INDEX IF NOT EXISTS "auth_group_permissions_permission_id_84c5c92e" ON "auth_group_permissions" ("permission_id");
CREATE UNIQUE INDEX "auth_permission_content_type_id_codename_01ab375a_uniq" ON "auth_permission" ("content_type_id", "codename");
CREATE INDEX IF NOT EXISTS "auth_permission_content_type_id_2f476e4b" ON "auth_permission" ("content_type_id");
CREATE UNIQUE INDEX "custom_user_user_groups_user_id_group_id_fc2104d2_uniq" ON "custom_user_user_groups" ("user_id", "group_id");
CREATE INDEX IF NOT EXISTS "custom_user_user_groups_user_id_f1071bc9" ON "custom_user_user_groups" ("user_id");
CREATE INDEX IF NOT EXISTS "custom_user_user_groups_group_id_dfde52bf" ON "custom_user_user_groups" ("group_id");
CREATE UNIQUE INDEX "custom_user_user_user_permissions_user_id_permission_id_2215a086_uniq" ON "custom_user_user_user_permissions" ("user_id", "permission_id");
CREATE INDEX IF NOT EXISTS "custom_user_user_user_permissions_user_id_65556ab9" ON "custom_user_user_user_permissions" ("user_id");
CREATE INDEX IF NOT EXISTS "custom_user_user_user_permissions_permission_id_cb2d2b0f" ON "custom_user_user_user_permissions" ("permission_id");
CREATE INDEX IF NOT EXISTS "django_session_expire_date_a5c62663" ON "django_session" ("expire_date");
CREATE INDEX IF NOT EXISTS "django_admin_log_content_type_id_c4bce8eb" ON "django_admin_log" ("content_type_id");
CREATE INDEX IF NOT EXISTS "django_admin_log_user_id_c564eba6" ON "django_admin_log" ("user_id");
CREATE INDEX IF NOT EXISTS "app1_leave_request_employee_id_3905a0b8" ON "app1_leave_request" ("employee_id");
